model,accuracy,precision_weighted,recall_weighted,f1_weighted
LinearSVC,0.8798888888888889,0.8886887216374963,0.8798888888888889,0.8840097616152517
MultinomialNB,0.8931666666666667,0.8641700666125415,0.8931666666666667,0.873589609363539
LogisticRegression,0.8275,0.890687703729458,0.8275,0.8533510110673248
