model,cv_accuracy_mean,cv_accuracy_std,cv_f1_weighted_mean,cv_f1_weighted_std
MLP,0.8974285714285714,0.0013887301496588284,0.8835301800788272,0.0009385766934980394
