model,accuracy,precision_weighted,recall_weighted,f1_weighted
VADER,0.7860555555555555,0.8267169189447134,0.7860555555555555,0.8051175208971056
TextBlob,0.7414444444444445,0.827266763592713,0.7414444444444445,0.7717744855980642
SentiWordNet,0.7394444444444445,0.8054673311129007,0.7394444444444445,0.7649333210429603
