model,accuracy,precision_weighted,recall_weighted,f1_weighted
ComplementNB,0.8633888888888889,0.881323619406515,0.8633888888888889,0.8684671542582266
