category,before_duplicate_removal,after_duplicate_removal,removed_by_duplicate_step,removed_share_pct
Negative,80339,78968,1371,1.7065186273167454
Neutral,30642,29744,898,2.9306181058677634
Positive,491472,482303,9169,1.8656200149754207
