model,cv_accuracy_mean,cv_accuracy_std,cv_f1_weighted_mean,cv_f1_weighted_std
GradientBoosting,0.8812380952380953,0.0005957140953903638,0.8564091036673346,0.0010056909571116639
