model,accuracy,precision_weighted,recall_weighted,f1_weighted
LinearSVC,0.8785,0.8841096681575614,0.8785,0.8809852836141956
MultinomialNB,0.894,0.860975826326088,0.894,0.8736771053857492
LogisticRegression,0.84,0.8933290755902041,0.84,0.8621158893064709
VADER,0.7925,0.8237398507153224,0.7925,0.8074658112672987
TextBlob,0.7525,0.8496199580575406,0.7525,0.7880589102564102
SentiWordNet,0.7435,0.810874757500564,0.7435,0.7673247984626254
