model,accuracy,precision_weighted,recall_weighted,f1_weighted
GradientBoosting,0.8811111111111111,0.8539705798011182,0.8811111111111111,0.856589638721156
