model,accuracy,precision_weighted,recall_weighted,f1_weighted
VADER,0.7832512315270936,0.8227053960704377,0.7832512315270936,0.7972005416586697
TextBlob,0.7487684729064039,0.8322468363765081,0.7487684729064039,0.7763166036029604
SentiWordNet,0.7635467980295566,0.8554236576663334,0.7635467980295566,0.8001142285999857
