model,accuracy,precision_weighted,recall_weighted,f1_weighted
MLP,0.9005555555555556,0.879804902400578,0.9005555555555556,0.8858302940738081
