model,cv_accuracy_mean,cv_accuracy_std,cv_f1_weighted_mean,cv_f1_weighted_std
LinearSVC,0.8975238095238095,0.001554380832757082,0.8938308656274415,0.0013275423293674367
