model,cv_accuracy_mean,cv_accuracy_std,cv_f1_weighted_mean,cv_f1_weighted_std
LinearSVC,0.8813333333333334,0.0011813939266719347,0.8838861301399121,0.0012692453015803722
MultinomialNB,0.8934285714285713,0.0011353922873872872,0.8730728668583755,0.00140083251519612
LogisticRegression,0.8295238095238094,0.0016176464525203078,0.8537569781382227,0.0008854910072668243
