model,cv_accuracy_mean,cv_accuracy_std,cv_f1_weighted_mean,cv_f1_weighted_std
ComplementNB,0.8804761904761905,0.001775047506630069,0.8774791987357712,0.0014398097561674967
