model,accuracy,precision_weighted,recall_weighted,f1_weighted
LinearSVC,0.8983333333333333,0.8948387829659783,0.8983333333333333,0.8964111030385318
