model,accuracy,precision_weighted,recall_weighted,f1_weighted
LinearSVC,0.8745,0.8865764886262107,0.8745,0.8801359796725015
MultinomialNB,0.8915,0.8683426158926842,0.8915,0.8728171099997764
LogisticRegression,0.8205,0.892179106999082,0.8205,0.8493952480302327
VADER,0.787,0.8261287086658491,0.787,0.8052207811934949
TextBlob,0.7225,0.8135428358067381,0.7225,0.7574172770651866
SentiWordNet,0.7245,0.7985776160337856,0.7245,0.7527114525199392
