category,before_duplicate_removal,after_duplicate_removal,removed_by_duplicate_step,removed_share_pct
1.0,9,5,4,44.44444444444444
2.0,13,11,2,15.384615384615385
3.0,421,9,412,97.8622327790974
4.0,222,13,209,94.14414414414415
5.0,1612,165,1447,89.76426799007444
