model,accuracy,precision_weighted,recall_weighted,f1_weighted
VADER,0.787,0.8261287086658491,0.787,0.8052207811934949
TextBlob,0.7225,0.8135428358067381,0.7225,0.7574172770651866
SentiWordNet,0.7245,0.7985776160337856,0.7245,0.7527114525199392
