category,before_duplicate_removal,after_duplicate_removal,removed_by_duplicate_step,removed_share_pct
1.0,59610,58579,1031,1.7295755745680257
2.0,20729,20389,340,1.640214192676926
3.0,30642,29744,898,2.9306181058677634
4.0,75439,73848,1591,2.1089887193626637
5.0,416033,408455,7578,1.8214901221778081
