model,cv_accuracy_mean,cv_accuracy_std,cv_f1_weighted_mean,cv_f1_weighted_std
LinearSVC,0.8745208333333334,0.0014810727155979788,0.8788492376982925,0.001039869344941224
MultinomialNB,0.8919375,0.0024308134783785308,0.8701175838210223,0.0026965741809428494
LogisticRegression,0.8268749999999999,0.0008212668060177937,0.85229200223261,0.0006828533001309939
