model,accuracy,precision_weighted,recall_weighted,f1_weighted
LinearSVC,0.8816666666666667,0.8897162946434704,0.8816666666666667,0.8854209987727726
MultinomialNB,0.89575,0.8668943519633567,0.89575,0.8758323793982223
LogisticRegression,0.8249166666666666,0.8914258556862469,0.8249166666666666,0.8520025417473459
