model,accuracy,precision_weighted,recall_weighted,f1_weighted
LinearSVC,0.8805,0.8869394200928412,0.8805,0.8835294557799821
MultinomialNB,0.898,0.8684849787255688,0.898,0.8776993068209
LogisticRegression,0.84,0.8921410374241647,0.84,0.8616608371410588
VADER,0.7925,0.8237398507153224,0.7925,0.8074658112672987
TextBlob,0.7525,0.8496199580575406,0.7525,0.7880589102564102
SentiWordNet,0.7435,0.810874757500564,0.7435,0.7673247984626254
