model,cv_accuracy_mean,cv_accuracy_std,cv_f1_weighted_mean,cv_f1_weighted_std
LinearSVC,0.8796458333333333,0.0019660751229006704,0.8832435401794808,0.00139494176170687
MultinomialNB,0.8945625,0.0028302679496235916,0.8746088585808965,0.0032081711044005595
LogisticRegression,0.82825,0.0023223326993922957,0.8531927296554804,0.0017602102618878225
