model,cv_accuracy_mean,cv_accuracy_std,cv_f1_weighted_mean,cv_f1_weighted_std
MLP,0.9001666666666667,0.0007338588098772529,0.8866822084616292,0.0011557727329971354
LinearSVC,0.8816428571428571,0.0014719601443880118,0.884211979573783,0.0012124719834633395
MultinomialNB,0.8925714285714287,0.000649437223665988,0.8721292313872019,0.000991659383629883
LogisticRegression,0.8342380952380952,0.0027715349349578143,0.8576552181504625,0.002004494858759104
