model,accuracy,precision_weighted,recall_weighted,f1_weighted
LinearSVC,0.8791666666666667,0.8877404100050594,0.8791666666666667,0.8831631474226248
MultinomialNB,0.8941666666666667,0.864063186536144,0.8941666666666667,0.8738904923862013
LogisticRegression,0.825,0.8919497028300868,0.825,0.8521278908080486
