alpha,mae,rmse,enhanced_mean,enhanced_std
0.0,0.6663908774857794,0.8106253312832221,4.031061474299658,0.895867620411035
0.9,0.066639087748578,0.08106253312832226,4.250098863350882,1.2461906775067908
0.8,0.133278175497156,0.1621250662566445,4.225761375678524,1.1923847529990825
0.7,0.19991726324573372,0.24318759938496656,4.201423888006166,1.1412840381950964
0.6,0.26655635099431185,0.3242501325132888,4.177086400333807,1.0932679336134865
