alpha,mae,rmse,enhanced_mean,enhanced_std
0.0,0.6666904241827932,0.8102659454421572,4.042110006377013,0.881627890450896
0.9,0.06666904241827938,0.08102659454421576,4.251203716558616,1.245005824745648
0.8,0.13333808483655876,0.16205318908843153,4.227971082093995,1.1899459915184878
0.7,0.20000712725483785,0.2430797836326471,4.204738447629372,1.137521230413014
0.6,0.2666761696731173,0.3241063781768629,4.181505813164749,1.0881124778159887
