mean_fit_time,std_fit_time,mean_score_time,std_score_time,param_classifier__alpha,param_tfidf__min_df,params,split0_test_score,split1_test_score,split2_test_score,mean_test_score,std_test_score,rank_test_score
1.880062421162923,0.010651162756991107,0.5537163416544596,0.015442885849160164,0.1,2,"{'classifier__alpha': 0.1, 'tfidf__min_df': 2}",0.8734765174694733,0.8711913697868061,0.874550713318847,0.8730728668583755,0.00140083251519612,1
1.874880313873291,0.015458417691458058,0.5498241583506266,0.001025604979993299,0.1,1,"{'classifier__alpha': 0.1, 'tfidf__min_df': 1}",0.873665976806612,0.8712594174074887,0.8742458753708257,0.8730570898616422,0.0012930043246926217,2
1.8885002136230469,0.011793837035692529,0.5360649426778158,0.006788073469872366,0.5,2,"{'classifier__alpha': 0.5, 'tfidf__min_df': 2}",0.8699900253526098,0.8678599248555304,0.8698034888740426,0.8692178130273943,0.0009631871330552809,3
1.8919251759847004,0.02183527397671628,0.5346130530039469,0.008180642896308701,0.5,1,"{'classifier__alpha': 0.5, 'tfidf__min_df': 1}",0.8699941820255022,0.8679554816248497,0.8696725379901418,0.8692074005468312,0.0008949262397100065,4
1.8978023529052734,0.019927990065162555,0.5379556814829508,0.0036351484292531915,1.0,1,"{'classifier__alpha': 1.0, 'tfidf__min_df': 1}",0.8669012766630345,0.8638354013656384,0.8649939212988855,0.8652435331091862,0.001264021987329091,5
2.3682594299316406,0.6248863933222091,0.7397612730662028,0.2916204923774963,1.0,2,"{'classifier__alpha': 1.0, 'tfidf__min_df': 2}",0.8668372475500841,0.8639753330575594,0.8648661469372599,0.8652262425149678,0.0011957954840312514,6
