mean_fit_time,std_fit_time,mean_score_time,std_score_time,param_classifier__C,param_tfidf__min_df,params,split0_test_score,split1_test_score,split2_test_score,mean_test_score,std_test_score,rank_test_score
3.2215065161387124,0.18195357105647572,0.5442500909169515,0.007105210140369159,2.0,1,"{'classifier__C': 2.0, 'tfidf__min_df': 1}",0.8549749359497336,0.8528958572824462,0.8534001411824886,0.8537569781382227,0.0008854910072668243,1
3.0187511444091797,0.08839806360046681,0.5446077982584635,0.0034847204621949244,2.0,2,"{'classifier__C': 2.0, 'tfidf__min_df': 2}",0.8543385544767941,0.8517409882117916,0.8535721301257917,0.8532172242714591,0.0010897419417303762,2
3.064461867014567,0.3540162785958214,0.5455745855967203,0.012279223620468177,1.0,2,"{'classifier__C': 1.0, 'tfidf__min_df': 2}",0.8528767142189296,0.852289942399005,0.8500607788078282,0.8517424784752543,0.0012130294365019169,3
22.27136953671773,6.974294879218277,3.8679420153299966,2.357377361831148,1.0,1,"{'classifier__C': 1.0, 'tfidf__min_df': 1}",0.8522432520149286,0.8524583706338142,0.8499550456852211,0.8515522227779879,0.0011327841819435557,4
2.687481164932251,0.11339606724025678,0.5477230548858643,0.0015526602206425437,0.5,1,"{'classifier__C': 0.5, 'tfidf__min_df': 1}",0.8483965860066767,0.8500487582183653,0.8439698391463651,0.847471727790469,0.0025664289471360774,5
2.6784884929656982,0.08679901135417437,0.5470542907714844,0.0029024863632691996,0.5,2,"{'classifier__C': 0.5, 'tfidf__min_df': 2}",0.8483272171074862,0.8499449013990426,0.8439778100696703,0.847416642858733,0.002519709484594945,6
