mean_fit_time,std_fit_time,mean_score_time,std_score_time,param_classifier__alpha,param_tfidf__min_df,params,split0_test_score,split1_test_score,split2_test_score,mean_test_score,std_test_score,rank_test_score
2.1099690596262612,0.023124688169523844,0.6078687508900961,0.008710169837680321,0.1,1,"{'classifier__alpha': 0.1, 'tfidf__min_df': 1}",0.8751554669220469,0.8782361258099635,0.8704349830106796,0.8746088585808965,0.0032081711044005595,1
2.100132942199707,0.021150443551596985,0.6077202161153158,0.003558307551969255,0.1,2,"{'classifier__alpha': 0.1, 'tfidf__min_df': 2}",0.8746177746711765,0.8780166309923892,0.8703083434353394,0.8743142496996351,0.0031542056392277773,2
2.1322850386301675,0.04483070201468836,0.6064439614613851,0.0033925441966354036,0.5,1,"{'classifier__alpha': 0.5, 'tfidf__min_df': 1}",0.8705880042407388,0.8732611162696446,0.8667624406094205,0.8702038537066014,0.002666942701403723,3
2.1186722914377847,0.01182539007285212,0.6069832642873129,0.00496223017514034,0.5,2,"{'classifier__alpha': 0.5, 'tfidf__min_df': 2}",0.8704853875432815,0.8732209009648285,0.8666464629549571,0.8701175838210223,0.0026965741809428494,4
2.1702678203582764,0.04903905453972672,0.6224226951599121,0.009637364960470568,1.0,2,"{'classifier__alpha': 1.0, 'tfidf__min_df': 2}",0.8664178341184798,0.8670913145771431,0.8625951601922842,0.8653681029626358,0.001979949946805683,5
2.171018679936727,0.03130395008720008,0.6277391115824381,0.028626170211963425,1.0,1,"{'classifier__alpha': 1.0, 'tfidf__min_df': 1}",0.8663552932892663,0.8671144186590142,0.8625820555565872,0.8653505891682892,0.001982027850643824,6
