mean_fit_time,std_fit_time,mean_score_time,std_score_time,param_classifier__C,param_tfidf__min_df,params,split0_test_score,split1_test_score,split2_test_score,mean_test_score,std_test_score,rank_test_score
2.6272037029266357,0.011094710176701736,0.6121520201365153,0.01396852900345692,0.5,1,"{'classifier__C': 0.5, 'tfidf__min_df': 1}",0.8849892932390376,0.8815750170767086,0.883166310222696,0.8832435401794808,0.00139494176170687,1
2.601846694946289,0.01465095816766722,0.6076738834381104,0.014779266709580685,0.5,2,"{'classifier__C': 0.5, 'tfidf__min_df': 2}",0.8850865423128813,0.8815299765990443,0.8829931609534812,0.8832032266218023,0.0014595400206835942,2
2.6394713719685874,0.09449205478778562,0.6034586429595947,0.009577594042600997,1.0,1,"{'classifier__C': 1.0, 'tfidf__min_df': 1}",0.8801653951895169,0.8780785917223104,0.878385337726223,0.8788764415460166,0.0009199907242460886,3
2.7107338905334473,0.009562343404397801,0.6039292017618815,0.011892470246181387,1.0,2,"{'classifier__C': 1.0, 'tfidf__min_df': 2}",0.8802877901974551,0.8778655424399623,0.8783943804574605,0.8788492376982925,0.001039869344941224,4
2.976324717203776,0.10492923083642162,0.6103998819986979,0.013912393175128913,2.0,2,"{'classifier__C': 2.0, 'tfidf__min_df': 2}",0.8744762938515385,0.8732381427624331,0.8752418482749981,0.8743187616296565,0.000825558899965815,5
2.8485331535339355,0.14928232815197162,0.6107111771901449,0.015087474028178992,2.0,1,"{'classifier__C': 2.0, 'tfidf__min_df': 1}",0.8744861205727527,0.8733445050784491,0.8748909953673752,0.8742405403395256,0.0006547978271444344,6
