mean_fit_time,std_fit_time,mean_score_time,std_score_time,param_classifier__C,param_tfidf__min_df,params,split0_test_score,split1_test_score,split2_test_score,mean_test_score,std_test_score,rank_test_score
2.321790854136149,0.06443048791719676,0.5612776279449463,0.013531894871466879,0.5,2,"{'classifier__C': 0.5, 'tfidf__min_df': 2}",0.8845527071002842,0.8821095011523261,0.884996182167126,0.8838861301399121,0.0012692453015803722,1
2.26771879196167,0.08564833891607537,0.5632648468017578,0.011411310736022716,0.5,1,"{'classifier__C': 0.5, 'tfidf__min_df': 1}",0.8843549480447297,0.881879610295292,0.8846837037937516,0.8836394207112578,0.0012515908838314164,2
2.4214290777842202,0.15618314089236862,0.5548332532246908,0.005663960056846434,1.0,2,"{'classifier__C': 1.0, 'tfidf__min_df': 2}",0.880060549532767,0.8784807374438489,0.8813012369569129,0.8799475079778429,0.0011542351495408105,3
2.3600937525431314,0.03995898733005498,0.5468760331471761,0.004767987284804175,1.0,1,"{'classifier__C': 1.0, 'tfidf__min_df': 1}",0.8794052312640273,0.8791039048633585,0.8813148447464044,0.8799413269579301,0.0009789833966506935,4
2.5638670921325684,0.08279495278282603,0.5769355297088623,0.014805255836352922,2.0,2,"{'classifier__C': 2.0, 'tfidf__min_df': 2}",0.8754728660416026,0.8734712483354149,0.8776577117498758,0.8755339420422977,0.0017096620891374366,5
2.535252332687378,0.12106888700205774,0.5609872341156006,0.022621787844467226,2.0,1,"{'classifier__C': 2.0, 'tfidf__min_df': 1}",0.8752411129884141,0.8740878304197504,0.8768898302684828,0.8754062578922158,0.0011498566338208893,6
