mean_fit_time,std_fit_time,mean_score_time,std_score_time,param_classifier__C,param_tfidf__min_df,params,split0_test_score,split1_test_score,split2_test_score,mean_test_score,std_test_score,rank_test_score
3.5074423948923745,0.22802606740783843,0.6077693303426107,0.010144223614158766,2.0,1,"{'classifier__C': 2.0, 'tfidf__min_df': 1}",0.8555255369123117,0.8512739843653583,0.8527786676887713,0.8531927296554804,0.0017602102618878225,1
3.5257166226704917,0.043996234977566384,0.6192001501719157,0.011303662376824133,2.0,2,"{'classifier__C': 2.0, 'tfidf__min_df': 2}",0.8524887202903357,0.8513748578542366,0.8530124285532578,0.85229200223261,0.0006828533001309939,2
3.1744234561920166,0.03575720016447145,0.607646624247233,0.0071584163625581345,1.0,2,"{'classifier__C': 1.0, 'tfidf__min_df': 2}",0.8549525156618595,0.8501929447763039,0.8495504498948369,0.8515653034443335,0.0024094404430761115,3
3.2042065461476645,0.14667646194854184,0.6155392328898112,0.007978443896357209,1.0,1,"{'classifier__C': 1.0, 'tfidf__min_df': 1}",0.8544921906779591,0.8492406122834323,0.8498251997923659,0.8511860009179192,0.0023499792461417427,4
2.894728183746338,0.11897082410991743,0.6322547594706217,0.005347419347774149,0.5,2,"{'classifier__C': 0.5, 'tfidf__min_df': 2}",0.8498168429603761,0.8461408306921167,0.8460114298972252,0.8473230345165726,0.0017641799902917274,5
3.0513647397359214,0.10256455490498204,0.6300990581512451,0.006045432899214517,0.5,1,"{'classifier__C': 0.5, 'tfidf__min_df': 1}",0.8498256118228253,0.8461248055767167,0.8457889449710466,0.8472464541235295,0.0018288869866648193,6
