{
  "accuracy": 0.8941666666666667,
  "precision_weighted": 0.864063186536144,
  "recall_weighted": 0.8941666666666667,
  "f1_weighted": 0.8738904923862013,
  "classification_report": {
    "Negative": {
      "precision": 0.7653522947640594,
      "recall": 0.7386150966936993,
      "f1-score": 0.7517460317460317,
      "support": 1603.0
    },
    "Neutral": {
      "precision": 0.2571428571428571,
      "recall": 0.029801324503311258,
      "f1-score": 0.05341246290801187,
      "support": 604.0
    },
    "Positive": {
      "precision": 0.9176538572666859,
      "recall": 0.9729398549984682,
      "f1-score": 0.9444885011895321,
      "support": 9793.0
    },
    "accuracy": 0.8941666666666667,
    "macro avg": {
      "precision": 0.6467163363912009,
      "recall": 0.5804520920651596,
      "f1-score": 0.5832156652811918,
      "support": 12000.0
    },
    "weighted avg": {
      "precision": 0.864063186536144,
      "recall": 0.8941666666666667,
      "f1-score": 0.8738904923862013,
      "support": 12000.0
    }
  }
}