{
  "model": "LinearSVC",
  "evaluation_scope": "shared_comparison_subset",
  "subset_metadata": {
    "source_file": "data\\raw\\Appliances.json.gz",
    "train_test_split": "70/30",
    "train_test_stratify_field": "overall",
    "random_state": 42,
    "subset": {
      "subset_name": "phase2_lexicon_comparison_subset",
      "rows": 2000,
      "overall_distribution": {
        "1.0": 198,
        "2.0": 69,
        "3.0": 101,
        "4.0": 256,
        "5.0": 1376
      },
      "label_distribution": {
        "Positive": 1632,
        "Negative": 267,
        "Neutral": 101
      },
      "text_hash_sum": 6785662553134306987
    },
    "subset_path": "C:\\Users\\hansr\\Dev\\python_projects\\natural_language_processing\\sentiment_analysis_amazon_appliance_reviews\\outputs\\predictions\\phase2_lexicon_comparison_subset.csv"
  },
  "metrics": {
    "accuracy": 0.8745,
    "precision_weighted": 0.8865764886262107,
    "recall_weighted": 0.8745,
    "f1_weighted": 0.8801359796725015,
    "classification_report": {
      "Negative": {
        "precision": 0.7526501766784452,
        "recall": 0.797752808988764,
        "f1-score": 0.7745454545454545,
        "support": 267.0
      },
      "Neutral": {
        "precision": 0.20155038759689922,
        "recall": 0.25742574257425743,
        "f1-score": 0.22608695652173913,
        "support": 101.0
      },
      "Positive": {
        "precision": 0.9508816120906801,
        "recall": 0.9252450980392157,
        "f1-score": 0.937888198757764,
        "support": 1632.0
      },
      "accuracy": 0.8745,
      "macro avg": {
        "precision": 0.6350273921220082,
        "recall": 0.6601412165340791,
        "f1-score": 0.6461735366083192,
        "support": 2000.0
      },
      "weighted avg": {
        "precision": 0.8865764886262107,
        "recall": 0.8745,
        "f1-score": 0.8801359796725015,
        "support": 2000.0
      }
    }
  }
}