{
  "model": "textblob",
  "evaluation_scope": "shared_comparison_subset",
  "subset_metadata": {
    "source_file": "data\\raw\\Appliances.json.gz",
    "train_test_split": "70/30",
    "train_test_stratify_field": "overall",
    "random_state": 42,
    "subset": {
      "subset_name": "phase2_lexicon_comparison_subset",
      "rows": 2000,
      "overall_distribution": {
        "1.0": 198,
        "2.0": 69,
        "3.0": 101,
        "4.0": 256,
        "5.0": 1376
      },
      "label_distribution": {
        "Positive": 1632,
        "Negative": 267,
        "Neutral": 101
      },
      "text_hash_sum": 6785662553134306987
    },
    "subset_path": "C:\\Users\\hansr\\Dev\\python_projects\\natural_language_processing\\sentiment_analysis_amazon_appliance_reviews\\outputs\\predictions\\phase2_lexicon_comparison_subset.csv"
  },
  "metrics": {
    "accuracy": 0.7225,
    "precision_weighted": 0.8135428358067381,
    "recall_weighted": 0.7225,
    "f1_weighted": 0.7574172770651866,
    "classification_report": {
      "Negative": {
        "precision": 0.553030303030303,
        "recall": 0.27340823970037453,
        "f1-score": 0.3659147869674185,
        "support": 267.0
      },
      "Neutral": {
        "precision": 0.07161803713527852,
        "recall": 0.26732673267326734,
        "f1-score": 0.11297071129707113,
        "support": 101.0
      },
      "Positive": {
        "precision": 0.9020791415157612,
        "recall": 0.8241421568627451,
        "f1-score": 0.8613512648094781,
        "support": 1632.0
      },
      "accuracy": 0.7225,
      "macro avg": {
        "precision": 0.5089091605604475,
        "recall": 0.4549590430787956,
        "f1-score": 0.4467455876913226,
        "support": 2000.0
      },
      "weighted avg": {
        "precision": 0.8135428358067381,
        "recall": 0.7225,
        "f1-score": 0.7574172770651866,
        "support": 2000.0
      }
    }
  }
}