{
  "accuracy": 0.8791666666666667,
  "precision_weighted": 0.8877404100050594,
  "recall_weighted": 0.8791666666666667,
  "f1_weighted": 0.8831631474226248,
  "classification_report": {
    "Negative": {
      "precision": 0.7317358270017533,
      "recall": 0.7810355583281348,
      "f1-score": 0.7555823777911889,
      "support": 1603.0
    },
    "Neutral": {
      "precision": 0.2300140252454418,
      "recall": 0.271523178807947,
      "f1-score": 0.24905087319665908,
      "support": 604.0
    },
    "Positive": {
      "precision": 0.9538429406850459,
      "recall": 0.9327070356377004,
      "f1-score": 0.9431565904280035,
      "support": 9793.0
    },
    "accuracy": 0.8791666666666667,
    "macro avg": {
      "precision": 0.6385309309774136,
      "recall": 0.6617552575912607,
      "f1-score": 0.6492632804719505,
      "support": 12000.0
    },
    "weighted avg": {
      "precision": 0.8877404100050594,
      "recall": 0.8791666666666667,
      "f1-score": 0.8831631474226248,
      "support": 12000.0
    }
  }
}