{
  "accuracy": 0.882,
  "precision_weighted": 0.8580275862268981,
  "recall_weighted": 0.882,
  "f1_weighted": 0.8563859226518259,
  "classification_report": {
    "Negative": {
      "precision": 0.7773605150214592,
      "recall": 0.6024948024948025,
      "f1-score": 0.6788475052705552,
      "support": 2405.0
    },
    "Neutral": {
      "precision": 0.4722222222222222,
      "recall": 0.018763796909492272,
      "f1-score": 0.036093418259023353,
      "support": 906.0
    },
    "Positive": {
      "precision": 0.8950310559006212,
      "recall": 0.9810061951119886,
      "f1-score": 0.9360485887817077,
      "support": 14689.0
    },
    "accuracy": 0.882,
    "macro avg": {
      "precision": 0.7148712643814342,
      "recall": 0.5340882648387612,
      "f1-score": 0.5503298374370954,
      "support": 18000.0
    },
    "weighted avg": {
      "precision": 0.8580275862268981,
      "recall": 0.882,
      "f1-score": 0.8563859226518259,
      "support": 18000.0
    }
  }
}