{
  "accuracy": 0.8811111111111111,
  "precision_weighted": 0.8539705798011182,
  "recall_weighted": 0.8811111111111111,
  "f1_weighted": 0.856589638721156,
  "classification_report": {
    "Negative": {
      "precision": 0.7618296529968455,
      "recall": 0.6024948024948025,
      "f1-score": 0.672858137915022,
      "support": 2405.0
    },
    "Neutral": {
      "precision": 0.4,
      "recall": 0.026490066225165563,
      "f1-score": 0.049689440993788817,
      "support": 906.0
    },
    "Positive": {
      "precision": 0.8970569896495822,
      "recall": 0.9794403975764178,
      "f1-score": 0.9364402642627006,
      "support": 14689.0
    },
    "accuracy": 0.8811111111111111,
    "macro avg": {
      "precision": 0.6862955475488093,
      "recall": 0.5361417554321286,
      "f1-score": 0.5529959477238372,
      "support": 18000.0
    },
    "weighted avg": {
      "precision": 0.8539705798011182,
      "recall": 0.8811111111111111,
      "f1-score": 0.856589638721156,
      "support": 18000.0
    }
  }
}