{
  "accuracy": 0.8931666666666667,
  "precision_weighted": 0.8641700666125415,
  "recall_weighted": 0.8931666666666667,
  "f1_weighted": 0.873589609363539,
  "classification_report": {
    "Negative": {
      "precision": 0.7655502392344498,
      "recall": 0.7318087318087318,
      "f1-score": 0.7482993197278912,
      "support": 2405.0
    },
    "Neutral": {
      "precision": 0.2677165354330709,
      "recall": 0.037527593818984545,
      "f1-score": 0.06582768635043562,
      "support": 906.0
    },
    "Positive": {
      "precision": 0.9171054321304739,
      "recall": 0.9723602695894887,
      "f1-score": 0.9439249248256948,
      "support": 14689.0
    },
    "accuracy": 0.8931666666666667,
    "macro avg": {
      "precision": 0.6501240689326648,
      "recall": 0.5805655317390683,
      "f1-score": 0.5860173103013405,
      "support": 18000.0
    },
    "weighted avg": {
      "precision": 0.8641700666125415,
      "recall": 0.8931666666666667,
      "f1-score": 0.873589609363539,
      "support": 18000.0
    }
  }
}