{
  "accuracy": 0.7487684729064039,
  "precision_weighted": 0.8322468363765081,
  "recall_weighted": 0.7487684729064039,
  "f1_weighted": 0.7763166036029604,
  "classification_report": {
    "Negative": {
      "precision": 0.5,
      "recall": 0.0625,
      "f1-score": 0.1111111111111111,
      "support": 16.0
    },
    "Neutral": {
      "precision": 0.0,
      "recall": 0.0,
      "f1-score": 0.0,
      "support": 9.0
    },
    "Positive": {
      "precision": 0.9041916167664671,
      "recall": 0.848314606741573,
      "f1-score": 0.8753623188405797,
      "support": 178.0
    },
    "accuracy": 0.7487684729064039,
    "macro avg": {
      "precision": 0.46806387225548907,
      "recall": 0.3036048689138577,
      "f1-score": 0.32882447665056364,
      "support": 203.0
    },
    "weighted avg": {
      "precision": 0.8322468363765081,
      "recall": 0.7487684729064039,
      "f1-score": 0.7763166036029604,
      "support": 203.0
    }
  }
}