{
  "accuracy": 0.8798888888888889,
  "precision_weighted": 0.8886887216374963,
  "recall_weighted": 0.8798888888888889,
  "f1_weighted": 0.8840097616152517,
  "classification_report": {
    "Negative": {
      "precision": 0.7441037735849056,
      "recall": 0.7871101871101871,
      "f1-score": 0.7650030309153364,
      "support": 2405.0
    },
    "Neutral": {
      "precision": 0.23388581952117865,
      "recall": 0.2803532008830022,
      "f1-score": 0.25502008032128515,
      "support": 906.0
    },
    "Positive": {
      "precision": 0.9527487821851078,
      "recall": 0.9320580025869698,
      "f1-score": 0.9422898241508655,
      "support": 14689.0
    },
    "accuracy": 0.8798888888888889,
    "macro avg": {
      "precision": 0.6435794584303974,
      "recall": 0.6665071301933864,
      "f1-score": 0.6541043117958291,
      "support": 18000.0
    },
    "weighted avg": {
      "precision": 0.8886887216374963,
      "recall": 0.8798888888888889,
      "f1-score": 0.8840097616152517,
      "support": 18000.0
    }
  }
}