{
  "accuracy": 0.8816666666666667,
  "precision_weighted": 0.8897162946434704,
  "recall_weighted": 0.8816666666666667,
  "f1_weighted": 0.8854209987727726,
  "classification_report": {
    "Negative": {
      "precision": 0.73785839672323,
      "recall": 0.7866500311915159,
      "f1-score": 0.7614734299516909,
      "support": 1603.0
    },
    "Neutral": {
      "precision": 0.23371104815864022,
      "recall": 0.2731788079470199,
      "f1-score": 0.25190839694656486,
      "support": 604.0
    },
    "Positive": {
      "precision": 0.9550339071465832,
      "recall": 0.9347493107321556,
      "f1-score": 0.9447827433171638,
      "support": 9793.0
    },
    "accuracy": 0.8816666666666667,
    "macro avg": {
      "precision": 0.6422011173428178,
      "recall": 0.6648593832902304,
      "f1-score": 0.6527215234051399,
      "support": 12000.0
    },
    "weighted avg": {
      "precision": 0.8897162946434704,
      "recall": 0.8816666666666667,
      "f1-score": 0.8854209987727726,
      "support": 12000.0
    }
  }
}