{
  "accuracy": 0.7635467980295566,
  "precision_weighted": 0.8554236576663334,
  "recall_weighted": 0.7635467980295566,
  "f1_weighted": 0.8001142285999857,
  "classification_report": {
    "Negative": {
      "precision": 0.3333333333333333,
      "recall": 0.625,
      "f1-score": 0.43478260869565216,
      "support": 16.0
    },
    "Neutral": {
      "precision": 0.09523809523809523,
      "recall": 0.2222222222222222,
      "f1-score": 0.13333333333333333,
      "support": 9.0
    },
    "Positive": {
      "precision": 0.9407894736842105,
      "recall": 0.8033707865168539,
      "f1-score": 0.8666666666666667,
      "support": 178.0
    },
    "accuracy": 0.7635467980295566,
    "macro avg": {
      "precision": 0.456453634085213,
      "recall": 0.5501976695796921,
      "f1-score": 0.47826086956521746,
      "support": 203.0
    },
    "weighted avg": {
      "precision": 0.8554236576663334,
      "recall": 0.7635467980295566,
      "f1-score": 0.8001142285999857,
      "support": 203.0
    }
  }
}