{
  "model": "sentiwordnet",
  "evaluation_scope": "shared_heldout_test_set",
  "subset_metadata": {
    "source_file": "C:\\Users\\hansr\\Dev\\python_projects\\natural_language_processing\\sentiment_analysis_amazon_appliance_reviews\\data\\raw\\Appliances.json.gz",
    "train_test_split": "70/30",
    "train_test_stratify_field": "overall",
    "random_state": 42,
    "development_sample_size": 60000,
    "train_rows": 42000,
    "test_rows": 18000,
    "comparison_subset_size_requested": null,
    "comparison_scope": "full_test_set",
    "subset": {
      "subset_name": "phase2_lexicon_comparison_subset",
      "rows": 18000,
      "overall_distribution": {
        "1.0": 1784,
        "2.0": 621,
        "3.0": 906,
        "4.0": 2249,
        "5.0": 12440
      },
      "label_distribution": {
        "Positive": 14689,
        "Negative": 2405,
        "Neutral": 906
      },
      "text_hash_sum": 3736137
    },
    "subset_path": "C:\\Users\\hansr\\Dev\\python_projects\\natural_language_processing\\sentiment_analysis_amazon_appliance_reviews\\outputs\\predictions\\phase2_lexicon_comparison_subset.csv"
  },
  "metrics": {
    "accuracy": 0.7394444444444445,
    "precision_weighted": 0.8054673311129007,
    "recall_weighted": 0.7394444444444445,
    "f1_weighted": 0.7649333210429603,
    "classification_report": {
      "Negative": {
        "precision": 0.4121639258679196,
        "recall": 0.6565488565488565,
        "f1-score": 0.5064143681847338,
        "support": 2405.0
      },
      "Neutral": {
        "precision": 0.05310344827586207,
        "recall": 0.08498896247240618,
        "f1-score": 0.06536502546689305,
        "support": 906.0
      },
      "Positive": {
        "precision": 0.9162670021228084,
        "recall": 0.7933828034583702,
        "f1-score": 0.8504086398131933,
        "support": 14689.0
      },
      "accuracy": 0.7394444444444445,
      "macro avg": {
        "precision": 0.46051145875553007,
        "recall": 0.5116402074932109,
        "f1-score": 0.47406267782160666,
        "support": 18000.0
      },
      "weighted avg": {
        "precision": 0.8054673311129007,
        "recall": 0.7394444444444445,
        "f1-score": 0.7649333210429603,
        "support": 18000.0
      }
    }
  }
}