{
  "model": "LinearSVC",
  "evaluation_scope": "shared_comparison_subset",
  "subset_metadata": {
    "source_file": "C:\\DataA\\Dev\\College_Git\\GroupProject\\sentiment-analysis-amazon-appliance-reviews\\data\\raw\\Appliances.json.gz",
    "train_test_split": "70/30",
    "train_test_stratify_field": "overall",
    "random_state": 42,
    "development_sample_size": 60000,
    "train_rows": 42000,
    "test_rows": 18000,
    "comparison_subset_size_requested": null,
    "comparison_scope": "full_test_set",
    "subset": {
      "subset_name": "phase2_lexicon_comparison_subset",
      "rows": 18000,
      "overall_distribution": {
        "1.0": 1784,
        "2.0": 621,
        "3.0": 906,
        "4.0": 2249,
        "5.0": 12440
      },
      "label_distribution": {
        "Positive": 14689,
        "Negative": 2405,
        "Neutral": 906
      },
      "text_hash_sum": 3736137
    },
    "subset_path": "C:\\DataA\\Dev\\College_Git\\GroupProject\\sentiment-analysis-amazon-appliance-reviews\\outputs\\predictions\\phase2_lexicon_comparison_subset.csv"
  },
  "metrics": {
    "accuracy": 0.8983333333333333,
    "precision_weighted": 0.8948387829659783,
    "recall_weighted": 0.8983333333333333,
    "f1_weighted": 0.8964111030385318,
    "classification_report": {
      "Negative": {
        "precision": 0.764659582841401,
        "recall": 0.8079002079002079,
        "f1-score": 0.7856854023453296,
        "support": 2405.0
      },
      "Neutral": {
        "precision": 0.3068920676202861,
        "recall": 0.26048565121412803,
        "f1-score": 0.2817910447761194,
        "support": 906.0
      },
      "Positive": {
        "precision": 0.9524166099387338,
        "recall": 0.9524814487031111,
        "f1-score": 0.9524490282174343,
        "support": 14689.0
      },
      "accuracy": 0.8983333333333333,
      "macro avg": {
        "precision": 0.6746560868001402,
        "recall": 0.6736224359391491,
        "f1-score": 0.6733084917796277,
        "support": 18000.0
      },
      "weighted avg": {
        "precision": 0.8948387829659783,
        "recall": 0.8983333333333333,
        "f1-score": 0.8964111030385318,
        "support": 18000.0
      }
    }
  }
}