{
  "accuracy": 0.8275,
  "precision_weighted": 0.890687703729458,
  "recall_weighted": 0.8275,
  "f1_weighted": 0.8533510110673248,
  "classification_report": {
    "Negative": {
      "precision": 0.6895803183791607,
      "recall": 0.7925155925155926,
      "f1-score": 0.7374733991100794,
      "support": 2405.0
    },
    "Neutral": {
      "precision": 0.17119565217391305,
      "recall": 0.41721854304635764,
      "f1-score": 0.24277456647398843,
      "support": 906.0
    },
    "Positive": {
      "precision": 0.9679920171937366,
      "recall": 0.8585335965688611,
      "f1-score": 0.9099830428978605,
      "support": 14689.0
    },
    "accuracy": 0.8275,
    "macro avg": {
      "precision": 0.6095893292489368,
      "recall": 0.689422577376937,
      "f1-score": 0.6300770028273094,
      "support": 18000.0
    },
    "weighted avg": {
      "precision": 0.890687703729458,
      "recall": 0.8275,
      "f1-score": 0.8533510110673248,
      "support": 18000.0
    }
  }
}