{
  "accuracy": 0.8824444444444445,
  "precision_weighted": 0.892682569926141,
  "recall_weighted": 0.8824444444444445,
  "f1_weighted": 0.8872388092914874,
  "classification_report": {
    "Negative": {
      "precision": 0.7435284747112704,
      "recall": 0.7762993762993763,
      "f1-score": 0.7595606183889341,
      "support": 2405.0
    },
    "Neutral": {
      "precision": 0.24779541446208111,
      "recall": 0.31015452538631344,
      "f1-score": 0.2754901960784314,
      "support": 906.0
    },
    "Positive": {
      "precision": 0.9568791361894811,
      "recall": 0.935121519504391,
      "f1-score": 0.9458752237983749,
      "support": 14689.0
    },
    "accuracy": 0.8824444444444445,
    "macro avg": {
      "precision": 0.6494010084542775,
      "recall": 0.6738584737300269,
      "f1-score": 0.6603086794219135,
      "support": 18000.0
    },
    "weighted avg": {
      "precision": 0.892682569926141,
      "recall": 0.8824444444444445,
      "f1-score": 0.8872388092914874,
      "support": 18000.0
    }
  }
}