{
  "accuracy": 0.825,
  "precision_weighted": 0.8919497028300868,
  "recall_weighted": 0.825,
  "f1_weighted": 0.8521278908080486,
  "classification_report": {
    "Negative": {
      "precision": 0.6799568965517241,
      "recall": 0.7872738615096694,
      "f1-score": 0.7296906620410524,
      "support": 1603.0
    },
    "Neutral": {
      "precision": 0.1725955204216074,
      "recall": 0.4337748344370861,
      "f1-score": 0.2469368520263902,
      "support": 604.0
    },
    "Positive": {
      "precision": 0.9710178530025504,
      "recall": 0.8553048095578475,
      "f1-score": 0.9094956295130029,
      "support": 9793.0
    },
    "accuracy": 0.825,
    "macro avg": {
      "precision": 0.6078567566586273,
      "recall": 0.6921178351682009,
      "f1-score": 0.6287077145268151,
      "support": 12000.0
    },
    "weighted avg": {
      "precision": 0.8919497028300868,
      "recall": 0.825,
      "f1-score": 0.8521278908080486,
      "support": 12000.0
    }
  }
}