{
  "accuracy": 0.9005555555555556,
  "precision_weighted": 0.879804902400578,
  "recall_weighted": 0.9005555555555556,
  "f1_weighted": 0.8858302940738081,
  "classification_report": {
    "Negative": {
      "precision": 0.7829623287671232,
      "recall": 0.7604989604989605,
      "f1-score": 0.7715671799198481,
      "support": 2405.0
    },
    "Neutral": {
      "precision": 0.37349397590361444,
      "recall": 0.10264900662251655,
      "f1-score": 0.16103896103896104,
      "support": 906.0
    },
    "Positive": {
      "precision": 0.9268893934479403,
      "recall": 0.9727006603580911,
      "f1-score": 0.9492426255647091,
      "support": 14689.0
    },
    "accuracy": 0.9005555555555556,
    "macro avg": {
      "precision": 0.6944485660395593,
      "recall": 0.6119495424931894,
      "f1-score": 0.6272829221745061,
      "support": 18000.0
    },
    "weighted avg": {
      "precision": 0.879804902400578,
      "recall": 0.9005555555555556,
      "f1-score": 0.8858302940738081,
      "support": 18000.0
    }
  }
}