{
  "model": "LogisticRegression",
  "evaluation_scope": "shared_comparison_subset",
  "subset_metadata": {
    "source_file": "C:\\Users\\hansr\\Dev\\python_projects\\natural_language_processing\\sentiment_analysis_amazon_appliance_reviews\\data\\raw\\Appliances.json.gz",
    "train_test_split": "70/30",
    "train_test_stratify_field": "overall",
    "random_state": 42,
    "development_sample_size": 60000,
    "train_rows": 42000,
    "test_rows": 18000,
    "comparison_subset_size_requested": null,
    "comparison_scope": "full_test_set",
    "subset": {
      "subset_name": "phase2_lexicon_comparison_subset",
      "rows": 18000,
      "overall_distribution": {
        "1.0": 1784,
        "2.0": 621,
        "3.0": 906,
        "4.0": 2249,
        "5.0": 12440
      },
      "label_distribution": {
        "Positive": 14689,
        "Negative": 2405,
        "Neutral": 906
      },
      "text_hash_sum": 3736137
    },
    "subset_path": "C:\\Users\\hansr\\Dev\\python_projects\\natural_language_processing\\sentiment_analysis_amazon_appliance_reviews\\outputs\\predictions\\phase2_lexicon_comparison_subset.csv"
  },
  "metrics": {
    "accuracy": 0.8272777777777778,
    "precision_weighted": 0.8947131800420739,
    "recall_weighted": 0.8272777777777778,
    "f1_weighted": 0.8543349436215149,
    "classification_report": {
      "Negative": {
        "precision": 0.6782106782106783,
        "recall": 0.7817047817047817,
        "f1-score": 0.7262893567703304,
        "support": 2405.0
      },
      "Neutral": {
        "precision": 0.18394793926247288,
        "recall": 0.46799116997792495,
        "f1-score": 0.2640921831205232,
        "support": 906.0
      },
      "Positive": {
        "precision": 0.973999845237174,
        "recall": 0.8568997208795698,
        "f1-score": 0.9117050557728524,
        "support": 14689.0
      },
      "accuracy": 0.8272777777777778,
      "macro avg": {
        "precision": 0.6120528209034417,
        "recall": 0.7021985575207589,
        "f1-score": 0.6340288652212354,
        "support": 18000.0
      },
      "weighted avg": {
        "precision": 0.8947131800420739,
        "recall": 0.8272777777777778,
        "f1-score": 0.8543349436215149,
        "support": 18000.0
      }
    }
  }
}