{
  "accuracy": 0.89575,
  "precision_weighted": 0.8668943519633567,
  "recall_weighted": 0.89575,
  "f1_weighted": 0.8758323793982223,
  "classification_report": {
    "Negative": {
      "precision": 0.7705235940530059,
      "recall": 0.743605739238927,
      "f1-score": 0.7568253968253968,
      "support": 1603.0
    },
    "Neutral": {
      "precision": 0.28,
      "recall": 0.0347682119205298,
      "f1-score": 0.061855670103092786,
      "support": 604.0
    },
    "Positive": {
      "precision": 0.9188668336866448,
      "recall": 0.9737567650362504,
      "f1-score": 0.9455158395716623,
      "support": 9793.0
    },
    "accuracy": 0.89575,
    "macro avg": {
      "precision": 0.656463475913217,
      "recall": 0.5840435720652358,
      "f1-score": 0.5880656355000506,
      "support": 12000.0
    },
    "weighted avg": {
      "precision": 0.8668943519633567,
      "recall": 0.89575,
      "f1-score": 0.8758323793982223,
      "support": 12000.0
    }
  }
}