{
  "accuracy": 0.8249166666666666,
  "precision_weighted": 0.8914258556862469,
  "recall_weighted": 0.8249166666666666,
  "f1_weighted": 0.8520025417473459,
  "classification_report": {
    "Negative": {
      "precision": 0.6799784133837021,
      "recall": 0.7860262008733624,
      "f1-score": 0.7291666666666666,
      "support": 1603.0
    },
    "Neutral": {
      "precision": 0.16898608349900596,
      "recall": 0.42218543046357615,
      "f1-score": 0.24136299100804542,
      "support": 604.0
    },
    "Positive": {
      "precision": 0.9705950451493401,
      "recall": 0.8561217195956295,
      "f1-score": 0.9097715804893929,
      "support": 9793.0
    },
    "accuracy": 0.8249166666666666,
    "macro avg": {
      "precision": 0.6065198473440161,
      "recall": 0.6881111169775228,
      "f1-score": 0.626767079388035,
      "support": 12000.0
    },
    "weighted avg": {
      "precision": 0.8914258556862469,
      "recall": 0.8249166666666666,
      "f1-score": 0.8520025417473459,
      "support": 12000.0
    }
  }
}