{
  "accuracy": 0.8931111111111111,
  "precision_weighted": 0.8650165803938059,
  "recall_weighted": 0.8931111111111111,
  "f1_weighted": 0.8736595947471066,
  "classification_report": {
    "Negative": {
      "precision": 0.7592351151673186,
      "recall": 0.7264033264033264,
      "f1-score": 0.7424564385890353,
      "support": 2405.0
    },
    "Neutral": {
      "precision": 0.2890625,
      "recall": 0.04083885209713024,
      "f1-score": 0.07156673114119923,
      "support": 906.0
    },
    "Positive": {
      "precision": 0.9178601245905851,
      "recall": 0.972972972972973,
      "f1-score": 0.9446133509583609,
      "support": 14689.0
    },
    "accuracy": 0.8931111111111111,
    "macro avg": {
      "precision": 0.6553859132526346,
      "recall": 0.5800717171578099,
      "f1-score": 0.5862121735628651,
      "support": 18000.0
    },
    "weighted avg": {
      "precision": 0.8650165803938059,
      "recall": 0.8931111111111111,
      "f1-score": 0.8736595947471066,
      "support": 18000.0
    }
  }
}