{
  "accuracy": 0.8988333333333334,
  "precision_weighted": 0.878885547422712,
  "recall_weighted": 0.8988333333333334,
  "f1_weighted": 0.8847516785492429,
  "classification_report": {
    "Negative": {
      "precision": 0.7571369466280513,
      "recall": 0.760914760914761,
      "f1-score": 0.7590211530485276,
      "support": 2405.0
    },
    "Neutral": {
      "precision": 0.3735408560311284,
      "recall": 0.10596026490066225,
      "f1-score": 0.1650902837489252,
      "support": 906.0
    },
    "Positive": {
      "precision": 0.929988255252512,
      "recall": 0.9703179249778746,
      "f1-score": 0.9497251374312844,
      "support": 14689.0
    },
    "accuracy": 0.8988333333333334,
    "macro avg": {
      "precision": 0.686888685970564,
      "recall": 0.6123976502644326,
      "f1-score": 0.6246121914095791,
      "support": 18000.0
    },
    "weighted avg": {
      "precision": 0.878885547422712,
      "recall": 0.8988333333333334,
      "f1-score": 0.8847516785492429,
      "support": 18000.0
    }
  }
}