{
  "model": "sentiwordnet",
  "evaluation_scope": "shared_comparison_subset",
  "subset_metadata": {
    "source_file": "data\\raw\\Appliances.json.gz",
    "train_test_split": "70/30",
    "train_test_stratify_field": "overall",
    "random_state": 42,
    "subset": {
      "subset_name": "phase2_lexicon_comparison_subset",
      "rows": 2000,
      "overall_distribution": {
        "1.0": 198,
        "2.0": 69,
        "3.0": 101,
        "4.0": 256,
        "5.0": 1376
      },
      "label_distribution": {
        "Positive": 1632,
        "Negative": 267,
        "Neutral": 101
      },
      "text_hash_sum": 6785662553134306987
    },
    "subset_path": "C:\\Users\\hansr\\Dev\\python_projects\\natural_language_processing\\sentiment_analysis_amazon_appliance_reviews\\outputs\\predictions\\phase2_lexicon_comparison_subset.csv"
  },
  "metrics": {
    "accuracy": 0.7245,
    "precision_weighted": 0.7985776160337856,
    "recall_weighted": 0.7245,
    "f1_weighted": 0.7527114525199392,
    "classification_report": {
      "Negative": {
        "precision": 0.3870246085011186,
        "recall": 0.6479400749063671,
        "f1-score": 0.484593837535014,
        "support": 267.0
      },
      "Neutral": {
        "precision": 0.024844720496894408,
        "recall": 0.039603960396039604,
        "f1-score": 0.030534351145038167,
        "support": 101.0
      },
      "Positive": {
        "precision": 0.9137931034482759,
        "recall": 0.7794117647058824,
        "f1-score": 0.8412698412698413,
        "support": 1632.0
      },
      "accuracy": 0.7245,
      "macro avg": {
        "precision": 0.4418874774820963,
        "recall": 0.48898526666942965,
        "f1-score": 0.4521326766499645,
        "support": 2000.0
      },
      "weighted avg": {
        "precision": 0.7985776160337856,
        "recall": 0.7245,
        "f1-score": 0.7527114525199392,
        "support": 2000.0
      }
    }
  }
}