{
  "accuracy": 0.8272777777777778,
  "precision_weighted": 0.8947131800420739,
  "recall_weighted": 0.8272777777777778,
  "f1_weighted": 0.8543349436215149,
  "classification_report": {
    "Negative": {
      "precision": 0.6782106782106783,
      "recall": 0.7817047817047817,
      "f1-score": 0.7262893567703304,
      "support": 2405.0
    },
    "Neutral": {
      "precision": 0.18394793926247288,
      "recall": 0.46799116997792495,
      "f1-score": 0.2640921831205232,
      "support": 906.0
    },
    "Positive": {
      "precision": 0.973999845237174,
      "recall": 0.8568997208795698,
      "f1-score": 0.9117050557728524,
      "support": 14689.0
    },
    "accuracy": 0.8272777777777778,
    "macro avg": {
      "precision": 0.6120528209034417,
      "recall": 0.7021985575207589,
      "f1-score": 0.6340288652212354,
      "support": 18000.0
    },
    "weighted avg": {
      "precision": 0.8947131800420739,
      "recall": 0.8272777777777778,
      "f1-score": 0.8543349436215149,
      "support": 18000.0
    }
  }
}