{
  "model": "textblob",
  "evaluation_scope": "shared_heldout_test_set",
  "subset_metadata": {
    "source_file": "C:\\Users\\hansr\\Dev\\python_projects\\natural_language_processing\\sentiment_analysis_amazon_appliance_reviews\\data\\raw\\Appliances.json.gz",
    "train_test_split": "70/30",
    "train_test_stratify_field": "overall",
    "random_state": 42,
    "development_sample_size": 60000,
    "train_rows": 42000,
    "test_rows": 18000,
    "comparison_subset_size_requested": null,
    "comparison_scope": "full_test_set",
    "subset": {
      "subset_name": "phase2_lexicon_comparison_subset",
      "rows": 18000,
      "overall_distribution": {
        "1.0": 1784,
        "2.0": 621,
        "3.0": 906,
        "4.0": 2249,
        "5.0": 12440
      },
      "label_distribution": {
        "Positive": 14689,
        "Negative": 2405,
        "Neutral": 906
      },
      "text_hash_sum": 3736137
    },
    "subset_path": "C:\\Users\\hansr\\Dev\\python_projects\\natural_language_processing\\sentiment_analysis_amazon_appliance_reviews\\outputs\\predictions\\phase2_lexicon_comparison_subset.csv"
  },
  "metrics": {
    "accuracy": 0.7414444444444445,
    "precision_weighted": 0.827266763592713,
    "recall_weighted": 0.7414444444444445,
    "f1_weighted": 0.7717744855980642,
    "classification_report": {
      "Negative": {
        "precision": 0.6007259528130672,
        "recall": 0.2752598752598753,
        "f1-score": 0.3775306529797548,
        "support": 2405.0
      },
      "Neutral": {
        "precision": 0.09215328467153285,
        "recall": 0.3344370860927152,
        "f1-score": 0.14449213161659513,
        "support": 906.0
      },
      "Positive": {
        "precision": 0.9096987509184423,
        "recall": 0.8428756212131527,
        "f1-score": 0.8750132513516379,
        "support": 14689.0
      },
      "accuracy": 0.7414444444444445,
      "macro avg": {
        "precision": 0.5341926628010141,
        "recall": 0.4841908608552477,
        "f1-score": 0.4656786786493292,
        "support": 18000.0
      },
      "weighted avg": {
        "precision": 0.827266763592713,
        "recall": 0.7414444444444445,
        "f1-score": 0.7717744855980642,
        "support": 18000.0
      }
    }
  }
}