{
  "model": "vader",
  "evaluation_scope": "shared_comparison_subset",
  "subset_metadata": {
    "source_file": "data\\raw\\Appliances.json.gz",
    "train_test_split": "70/30",
    "train_test_stratify_field": "overall",
    "random_state": 42,
    "subset": {
      "subset_name": "phase2_lexicon_comparison_subset",
      "rows": 2000,
      "overall_distribution": {
        "1.0": 198,
        "2.0": 69,
        "3.0": 101,
        "4.0": 256,
        "5.0": 1376
      },
      "label_distribution": {
        "Positive": 1632,
        "Negative": 267,
        "Neutral": 101
      },
      "text_hash_sum": 6785662553134306987
    },
    "subset_path": "C:\\Users\\hansr\\Dev\\python_projects\\natural_language_processing\\sentiment_analysis_amazon_appliance_reviews\\outputs\\predictions\\phase2_lexicon_comparison_subset.csv"
  },
  "metrics": {
    "accuracy": 0.787,
    "precision_weighted": 0.8261287086658491,
    "recall_weighted": 0.787,
    "f1_weighted": 0.8052207811934949,
    "classification_report": {
      "Negative": {
        "precision": 0.6293103448275862,
        "recall": 0.5468164794007491,
        "f1-score": 0.5851703406813628,
        "support": 267.0
      },
      "Neutral": {
        "precision": 0.06796116504854369,
        "recall": 0.13861386138613863,
        "f1-score": 0.09120521172638436,
        "support": 101.0
      },
      "Positive": {
        "precision": 0.9052496798975672,
        "recall": 0.866421568627451,
        "f1-score": 0.8854101440200376,
        "support": 1632.0
      },
      "accuracy": 0.787,
      "macro avg": {
        "precision": 0.5341737299245657,
        "recall": 0.5172839698047795,
        "f1-score": 0.520595232142595,
        "support": 2000.0
      },
      "weighted avg": {
        "precision": 0.8261287086658491,
        "recall": 0.787,
        "f1-score": 0.8052207811934949,
        "support": 2000.0
      }
    }
  }
}