{
  "accuracy": 0.8903888888888889,
  "precision_weighted": 0.8639534215499493,
  "recall_weighted": 0.8903888888888889,
  "f1_weighted": 0.8684277505133564,
  "classification_report": {
    "Negative": {
      "precision": 0.7662889518413598,
      "recall": 0.6748440748440748,
      "f1-score": 0.7176652664160955,
      "support": 2405.0
    },
    "Neutral": {
      "precision": 0.38271604938271603,
      "recall": 0.03421633554083885,
      "f1-score": 0.06281661600810537,
      "support": 906.0
    },
    "Positive": {
      "precision": 0.9096259730396811,
      "recall": 0.9784873034243311,
      "f1-score": 0.9428009183338799,
      "support": 14689.0
    },
    "accuracy": 0.8903888888888889,
    "macro avg": {
      "precision": 0.6862103247545855,
      "recall": 0.5625159046030815,
      "f1-score": 0.5744276002526937,
      "support": 18000.0
    },
    "weighted avg": {
      "precision": 0.8639534215499493,
      "recall": 0.8903888888888889,
      "f1-score": 0.8684277505133564,
      "support": 18000.0
    }
  }
}