Metric,Naive_Bayes
Accuracy,0.9508196721311475
Precision (weighted),0.9534543325526932
Recall (weighted),0.9508196721311475
F1 Score (weighted),0.9457587607158972
